<?xml version="1.0" encoding="UTF-8"?>
<!DOCTYPE xml>
<?xml-stylesheet type="text/xsl" href="artikliStyleSheet.xsl"?>

<seznamArtiklov>
	<artikel id="a1">
		<naziv>GTX 1050</naziv>
		<cena>110</cena>
		<kapaciteta>2</kapaciteta>
		<hitrost>1290/1392</hitrost>
		<zaloga>20</zaloga>

	</artikel>
	<artikel id="a2">
		<naziv>GTX 1050 TI</naziv>
		<cena>140</cena>
		<kapaciteta>4</kapaciteta>
		<hitrost>1354/1455</hitrost>
		<zaloga>0</zaloga>
		
	</artikel>
	<artikel id="a3">
		<naziv>GTX 1060 3GB</naziv>
		<cena>230</cena>
		<kapaciteta>3</kapaciteta>
		<hitrost>1506/1708</hitrost>
		<zaloga>50</zaloga>
	</artikel>
	<artikel id="a4">
		<naziv>GTX 1060 6GB</naziv>
		<cena>260</cena>
		<kapaciteta>6</kapaciteta>
		<hitrost>1506/1708</hitrost>
		<zaloga>46</zaloga>
	</artikel>
	<artikel id="a5">
		<naziv>GTX 1070</naziv>
		<cena>400</cena>
		<kapaciteta>8</kapaciteta>
		<hitrost>1506/1683</hitrost>
		<zaloga>40</zaloga>
	</artikel>
	<artikel id="a6">
		<naziv>GTX 1070 TI</naziv>
		<cena>450</cena>
		<kapaciteta>8</kapaciteta>
		<hitrost>1607/1683</hitrost>
		<zaloga>30</zaloga>
	</artikel>
	<artikel id="a7">
		<naziv>GTX 1080</naziv>
		<cena>500</cena>
		<kapaciteta>8</kapaciteta>
		<hitrost>1480/1582</hitrost>
		<zaloga>20</zaloga>
	</artikel>
	<artikel id="a8">
		<naziv>GTX 1080 TI</naziv>
		<cena>600</cena>
		<kapaciteta>11</kapaciteta>
		<hitrost>1607/1733</hitrost>
		<zaloga>15</zaloga>
	</artikel>
</seznamArtiklov>