<?xml version="1.0" encoding="UTF-8"?>
<!DOCTYPE xml>
<?xml-stylesheet type="text/xsl" href="uporabnikiStyleSheet.xsl"?>

<seznamUporabnikov>
	<uporabnik id="u1">
		<ime>Jože</ime>
		<priimek>Plečnikar</priimek>
		<e-mail>joze.plecnikar@gmail.com</e-mail>
		<drzava>Slovenija</drzava>
		<spol>Moški</spol>
		<izdelek>#a2</izdelek>
	</uporabnik>
	<uporabnik id="u2">
		<ime>Miroslava</ime>
		<priimek>Babić</priimek>
		<e-mail>grdababa@hotmail.com</e-mail>
		<drzava>Hrvaška</drzava>
		<spol>Ženski</spol>
		<izdelek>#a5</izdelek>
	</uporabnik>
	<uporabnik id="u3">
		<ime>Miha</ime>
		<priimek>Smreka</priimek>
		<e-mail>smrekar@gmail.com</e-mail>
		<drzava>Slovenija</drzava>
		<spol>Moški</spol>
		<izdelek>ni podatka</izdelek>
	</uporabnik>
	<uporabnik id="u4">
		<ime>Franko</ime>
		<priimek>Primož</priimek>
		<e-mail>frankop@gmail.com</e-mail>
		<drzava>Slovenija</drzava>
		<spol>Moški</spol>
		<izdelek>#a7</izdelek>
	</uporabnik>
	<uporabnik id="u5">
		<ime>Olga</ime>
		<priimek>Klanec</priimek>
		<e-mail>olganikriva@hotmail.com</e-mail>
		<drzava>Slovenija</drzava>
		<spol>Ženski</spol>
		<izdelek>ni podatka</izdelek>
	</uporabnik>
</seznamUporabnikov>